{
    "optimizer_settings": {
      "n_trials": 2000
    },
    "timeframe_space": [
        "15m",
      "30m",
      "1h"
    ],
    "market_regimes": {
      "Bull_Run_2020-2021": { "start_date": "2020-10-01T00:00:00Z", "end_date": "2021-11-01T00:00:00Z" },
      "Bear_Market_2022": { "start_date": "2022-01-01T00:00:00Z", "end_date": "2022-12-31T00:00:00Z" },
      "Sideways_Summer_2021": { "start_date": "2021-05-15T00:00:00Z", "end_date": "2021-09-15T00:00:00Z" },
      "Recent_Year_2024": { "start_date": "2024-01-01T00:00:00Z", "end_date": "2024-12-31T00:00:00Z" },
      "Ytd_2025": { "start_date": "2025-01-01T00:00:00Z", "end_date": "2025-07-13T00:00:00Z" }
    },
    "parameter_space": [
        { "name": "ma_type", "type": "categorical", "choices": ["SMA", "EMA"] },
        

        { "name": "short_window", "type": "int", "low": 3, "high": 50, "step": 1 },
        { "name": "long_window", "type": "int", "low": 4, "high": 70, "step": 1 },
        
        { "name": "use_price_ma_filter", "type": "categorical", "choices": [true, false] },
        { "name": "price_ma_filter_period", "type": "int", "low": 100, "high": 200, "step": 5, "condition": "use_price_ma_filter" },
    
        { "name": "use_rsi_filter", "type": "categorical", "choices": [true] },
        { "name": "rsi_period", "type": "int", "low": 7, "high": 21, "condition": "use_rsi_filter" },
        { "name": "rsi_buy_threshold", "type": "int", "low": 30, "high": 65, "step": 1, "condition": "use_rsi_filter" },
        { "name": "rsi_sell_threshold", "type": "int", "low": 50, "high": 75, "step": 1, "condition": "use_rsi_filter" },
    
        { "name": "use_stop_loss", "type": "categorical", "choices": [true] },
        { "name": "stop_loss_pct", "type": "float", "low": 1.0, "high": 20.0, "step": 0.1, "condition": "use_stop_loss" },
    
        { "name": "use_recovery_exit", "type": "categorical", "choices": [true] },
        { "name": "dip_pct_trigger", "type": "float", "low": -0.5, "high": 5.0, "condition": "use_recovery_exit", "step": 0.1},
        { "name": "recovery_pct_threshold", "type": "float", "low": 0.1, "high": 10.0, "condition": "use_recovery_exit","step": 0.1},
    
        { "name": "use_cooldown_filter", "type": "categorical", "choices": [true, false] },
        { "name": "cooldown_bars", "type": "int", "low": 5, "high": 50, "condition": "use_cooldown_filter"},
    
        { "name": "base_position_pct", "type": "int", "low": 50, "high": 100, "step": 5},
        { "name": "leverage_multiplier", "type": "float", "low": 1.0, "high": 1.0, "step": 0.1}
    ]
  }